Gender,Birth Day,height,weight,Allergy,Diet Type,Religion,Meal_Type,Satisfy Score
Female,5/25/2022,194,59,Molluscs,Vegetarianism,Taoism,Minimal,2
Female,5/18/2023,168,131,,Omnivorousness,Sikhism,Balance,2
Female,8/7/2022,183,80,,Vegetarianism,Sikhism,Luxury,5
Male,7/26/2023,199,125,,Pesetarianism,Christianity,Minimal,3
Male,3/23/2023,122,58,,Pesetarianism,Christianity,Balance,5
Male,10/31/2023,115,172,,Pesetarianism,Taoism,Complex,2
Female,5/25/2022,105,151,,Omnivorousness,Sikhism,Minimal,1
Male,6/1/2023,137,155,Celery,Veganism,Buddism,Complex,4
Female,2/19/2022,187,48,Eggs,Omnivorousness,Shinto,Luxury,2
Female,9/18/2022,182,127,Soy,Pesetarianism,Judaism,Minimal,4
Male,9/21/2022,168,156,,Pesetarianism,Taoism,Balance,5
Female,5/11/2023,136,33,,Veganism,Taoism,Balance,4
Male,12/16/2022,138,116,Molluscs,Veganism,Shinto,Complex,1
Male,8/30/2023,200,73,,Pesetarianism,Sikhism,Complex,4
Male,4/17/2023,162,120,,Pesetarianism,Hinduism,Luxury,5
Female,3/9/2022,162,148,Sesame,Pesetarianism,Sikhism,Complex,3
Female,7/21/2023,176,173,Eggs,Pesetarianism,Christianity,Balance,1
Female,2/4/2023,138,174,,Veganism,Shinto,Complex,5
Male,6/8/2023,117,163,Celery,Omnivorousness,Hinduism,Luxury,4
Male,5/23/2022,124,178,,Omnivorousness,Sikhism,Balance,2
Male,6/7/2023,118,180,Lupin,Veganism,Islam,Balance,2
Female,9/3/2022,140,122,Peanuts,Veganism,Judaism,Luxury,5
Male,6/4/2022,121,160,,Veganism,Islam,Complex,1
Male,3/13/2023,159,42,,Omnivorousness,Shinto,Balance,2
Male,6/25/2023,162,170,,Pesetarianism,Taoism,Minimal,3
Male,5/3/2023,154,57,Sulphur Dioxide Sulphites,Vegetarianism,Shinto,Minimal,3
Female,4/25/2023,136,122,,Vegetarianism,Christianity,Balance,3
Female,3/3/2022,196,92,Milk,Veganism,Judaism,Balance,2
Female,2/1/2023,195,88,Gluten,Omnivorousness,Islam,Complex,1
Male,9/28/2022,190,189,,Vegetarianism,Hinduism,Balance,1
Female,10/2/2022,190,134,,Omnivorousness,Judaism,Luxury,2
Male,10/2/2022,182,77,,Omnivorousness,Taoism,Balance,3
Female,3/28/2023,150,32,,Veganism,Hinduism,Minimal,5
Female,8/31/2023,173,39,,Vegetarianism,Christianity,Balance,1
Female,10/4/2023,149,103,,Vegetarianism,Taoism,Balance,3
Male,6/12/2023,173,172,Mustard,Vegetarianism,Islam,Balance,1
Male,5/11/2022,154,33,Lupin,Pesetarianism,Judaism,Balance,5
Female,9/21/2023,151,33,,Omnivorousness,Buddism,Balance,2
Female,4/17/2022,179,144,,Omnivorousness,Islam,Luxury,1
Male,1/2/2023,171,70,,Omnivorousness,Shinto,Balance,1
Female,3/23/2023,138,99,,Vegetarianism,Shinto,Minimal,2
Male,11/26/2023,133,85,,Omnivorousness,Buddism,Balance,5
Male,11/30/2022,126,169,,Pesetarianism,Christianity,Complex,2
Male,3/9/2023,115,102,,Vegetarianism,Hinduism,Balance,4
Male,2/28/2022,160,107,,Vegetarianism,Islam,Complex,2
Female,4/29/2023,108,144,,Omnivorousness,Christianity,Balance,5
Male,6/10/2023,186,128,,Omnivorousness,Sikhism,Balance,1
Female,8/1/2023,148,141,,Omnivorousness,Taoism,Complex,1
Female,6/30/2022,196,66,,Vegetarianism,Taoism,Balance,3
Male,11/1/2022,168,118,,Veganism,Judaism,Luxury,1
Female,11/7/2023,106,137,,Vegetarianism,Buddism,Minimal,1
Female,7/30/2023,133,43,,Veganism,Islam,Minimal,2
Female,2/2/2022,145,107,Mustard,Vegetarianism,Islam,Complex,4
Male,7/27/2023,157,107,Milk,Omnivorousness,Buddism,Luxury,1
Female,7/17/2023,140,170,,Pesetarianism,Judaism,Balance,3
Female,8/24/2023,136,103,,Pesetarianism,Hinduism,Minimal,4
Male,1/18/2023,167,98,,Veganism,Judaism,Minimal,4
Female,6/20/2022,166,184,Milk,Pesetarianism,Islam,Luxury,2
Male,9/6/2023,173,83,Crustaceans,Pesetarianism,Taoism,Minimal,3
Male,11/30/2022,125,182,,Pesetarianism,Taoism,Balance,4
Male,5/14/2023,152,43,,Omnivorousness,Shinto,Luxury,1
Female,9/2/2022,109,146,,Omnivorousness,Buddism,Minimal,1
Male,7/31/2022,143,160,Soy,Vegetarianism,Sikhism,Complex,5
Male,12/2/2023,184,186,Celery,Omnivorousness,Hinduism,Minimal,1
Female,11/20/2022,104,174,,Veganism,Shinto,Complex,3
Female,10/15/2022,134,139,,Veganism,Shinto,Minimal,5
Female,8/7/2023,113,59,,Omnivorousness,Taoism,Minimal,3
Male,12/15/2023,114,164,Gluten,Pesetarianism,Christianity,Luxury,1
Female,11/17/2022,127,177,,Veganism,Sikhism,Complex,2
Male,5/14/2023,135,130,,Veganism,Christianity,Complex,3
Female,10/29/2023,127,172,,Pesetarianism,Islam,Complex,3
Male,2/12/2022,160,43,,Pesetarianism,Hinduism,Balance,5
Female,11/6/2023,117,134,,Omnivorousness,Islam,Complex,2
Male,4/16/2023,104,152,,Pesetarianism,Christianity,Balance,3
Male,5/1/2022,159,109,Sesame,Omnivorousness,Sikhism,Luxury,5
Male,4/30/2023,199,92,Milk,Pesetarianism,Islam,Minimal,3
Male,11/3/2023,190,80,,Omnivorousness,Buddism,Balance,2
Male,4/21/2023,171,45,,Veganism,Shinto,Luxury,2
Male,8/16/2023,103,91,,Omnivorousness,Islam,Balance,1
Female,10/20/2022,139,169,,Pesetarianism,Christianity,Luxury,3
Female,6/24/2022,117,169,,Vegetarianism,Buddism,Balance,5
Male,10/31/2023,137,84,,Pesetarianism,Sikhism,Complex,2
Male,8/9/2022,138,163,,Pesetarianism,Judaism,Minimal,3
Male,2/10/2022,115,59,Lupin,Veganism,Shinto,Minimal,4
Male,7/19/2022,110,88,,Veganism,Buddism,Complex,4
Female,12/16/2023,139,179,,Pesetarianism,Shinto,Complex,5
Female,8/16/2023,114,174,,Omnivorousness,Sikhism,Minimal,4
Male,4/20/2023,128,92,Mustard,Pesetarianism,Hinduism,Complex,2
Male,5/25/2023,134,99,Peanuts,Vegetarianism,Hinduism,Luxury,2
Female,9/17/2023,134,190,,Omnivorousness,Judaism,Complex,5
Female,4/20/2022,104,160,,Vegetarianism,Judaism,Balance,2
Male,3/7/2022,101,34,Celery,Vegetarianism,Shinto,Complex,1
Male,12/1/2022,121,52,,Omnivorousness,Islam,Luxury,2
Female,4/19/2023,194,153,,Veganism,Hinduism,Minimal,3
Female,6/10/2023,184,146,,Omnivorousness,Hinduism,Balance,5
Female,8/4/2022,160,182,,Veganism,Taoism,Luxury,3
Female,3/16/2023,190,184,,Vegetarianism,Buddism,Complex,5
Male,7/30/2023,186,145,,Omnivorousness,Judaism,Minimal,3
Male,12/24/2022,174,87,,Pesetarianism,Shinto,Minimal,4
Female,6/11/2022,128,100,Gluten,Vegetarianism,Shinto,Minimal,5
Female,11/2/2023,194,99,,Pesetarianism,Christianity,Luxury,4
Male,12/6/2022,187,81,,Pesetarianism,Hinduism,Complex,5
Male,3/16/2023,159,123,,Vegetarianism,Shinto,Complex,2
Female,8/11/2022,126,67,,Veganism,Judaism,Minimal,5
Female,11/16/2023,109,47,,Omnivorousness,Buddism,Balance,1
Female,10/11/2022,199,176,,Pesetarianism,Buddism,Balance,4
Male,3/17/2023,153,166,,Pesetarianism,Islam,Balance,3
Female,8/30/2022,135,103,,Omnivorousness,Shinto,Balance,1
Female,10/19/2022,171,145,Peanuts,Pesetarianism,Christianity,Complex,4
Female,9/24/2022,178,150,Peanuts,Veganism,Taoism,Minimal,2
Female,2/18/2022,190,61,,Omnivorousness,Islam,Balance,1
Female,9/28/2022,183,38,Milk,Veganism,Christianity,Complex,5
Male,4/13/2023,110,117,Milk,Omnivorousness,Shinto,Luxury,1
Male,9/20/2023,155,188,Sesame,Vegetarianism,Shinto,Luxury,5
Male,5/10/2023,106,62,Lupin,Veganism,Shinto,Complex,5
Female,7/25/2023,177,168,,Vegetarianism,Taoism,Minimal,4
Female,4/15/2022,131,179,,Pesetarianism,Sikhism,Complex,2
Male,10/11/2022,176,146,,Veganism,Christianity,Minimal,2
Female,3/21/2022,113,109,,Omnivorousness,Hinduism,Luxury,3
Female,10/18/2023,163,59,Crustaceans,Vegetarianism,Taoism,Minimal,2
Male,4/6/2022,121,34,,Pesetarianism,Hinduism,Minimal,1
Male,7/4/2023,135,95,Fish,Vegetarianism,Buddism,Minimal,5
Female,2/18/2023,143,151,Sesame,Veganism,Islam,Balance,2
Male,10/5/2023,109,167,,Pesetarianism,Shinto,Luxury,2
Male,4/21/2023,183,83,,Omnivorousness,Taoism,Complex,4
Male,5/31/2022,184,44,Peanuts,Vegetarianism,Taoism,Luxury,3
Female,10/26/2023,143,107,,Veganism,Judaism,Complex,3
Female,6/28/2022,134,102,Lupin,Veganism,Taoism,Balance,4
Male,11/6/2022,118,51,,Pesetarianism,Taoism,Complex,1
Female,7/20/2023,107,46,,Omnivorousness,Taoism,Minimal,4
Male,4/20/2022,131,174,,Pesetarianism,Taoism,Luxury,1
Male,8/10/2023,166,126,,Pesetarianism,Sikhism,Balance,2
Male,2/17/2023,100,131,,Omnivorousness,Taoism,Complex,2
Male,7/6/2023,104,93,,Omnivorousness,Islam,Balance,3
Female,12/23/2022,138,90,,Veganism,Taoism,Balance,5
Female,5/2/2022,159,123,,Omnivorousness,Judaism,Complex,1
Female,8/17/2022,144,163,Mustard,Veganism,Sikhism,Minimal,2
Female,7/27/2022,119,100,,Omnivorousness,Taoism,Complex,1
Male,3/1/2022,123,38,Soy,Vegetarianism,Sikhism,Minimal,3
Male,8/23/2022,184,180,Fish,Vegetarianism,Taoism,Complex,1
Female,10/2/2023,175,135,,Omnivorousness,Judaism,Minimal,2
Female,10/8/2023,134,62,,Omnivorousness,Taoism,Balance,4
Male,12/20/2022,149,77,Tree Nuts,Pesetarianism,Shinto,Balance,5
Male,7/11/2022,138,37,Soy,Veganism,Buddism,Complex,3
Male,12/29/2022,124,126,Fish,Omnivorousness,Christianity,Balance,3
Female,2/27/2022,152,43,Tree Nuts,Veganism,Sikhism,Balance,5
Female,9/23/2022,143,178,,Pesetarianism,Christianity,Minimal,2
Male,10/9/2022,173,66,,Veganism,Hinduism,Complex,2
Female,9/12/2022,191,130,,Veganism,Buddism,Balance,4
Female,4/3/2023,124,65,,Pesetarianism,Christianity,Balance,2
Female,10/14/2022,159,49,Milk,Omnivorousness,Judaism,Complex,2
Female,9/8/2023,140,84,,Veganism,Christianity,Balance,1
Male,6/4/2022,135,54,Fish,Omnivorousness,Christianity,Minimal,1
Female,10/10/2022,129,48,,Omnivorousness,Shinto,Luxury,2
Male,3/2/2023,180,180,Lupin,Omnivorousness,Islam,Minimal,2
Female,10/1/2022,154,56,,Pesetarianism,Buddism,Complex,5
Male,1/4/2023,172,187,,Vegetarianism,Hinduism,Balance,3
Male,1/8/2023,196,161,,Pesetarianism,Christianity,Complex,5
Female,5/26/2022,165,94,Celery,Pesetarianism,Buddism,Complex,1
Male,7/1/2023,113,143,Sulphur Dioxide Sulphites,Veganism,Buddism,Balance,4
Male,4/5/2022,183,65,Fish,Vegetarianism,Islam,Balance,4
Male,3/28/2022,126,155,Mustard,Vegetarianism,Buddism,Luxury,5
Female,3/11/2023,103,170,,Omnivorousness,Buddism,Minimal,4
Male,10/27/2023,151,81,,Omnivorousness,Judaism,Minimal,2
Male,1/19/2023,102,37,Lupin,Pesetarianism,Hinduism,Minimal,5
Male,6/19/2023,102,82,,Veganism,Hinduism,Luxury,2
Female,5/19/2022,113,84,,Vegetarianism,Judaism,Balance,5
Female,11/11/2022,124,125,,Omnivorousness,Hinduism,Minimal,5
Male,12/22/2022,124,171,,Omnivorousness,Sikhism,Minimal,4
Female,9/22/2022,184,58,,Veganism,Islam,Complex,5
Male,11/24/2022,134,71,,Vegetarianism,Judaism,Complex,4
Male,9/14/2023,181,51,,Veganism,Buddism,Complex,5
Male,12/1/2023,155,44,Mustard,Veganism,Taoism,Luxury,2
Male,2/21/2022,130,143,,Omnivorousness,Buddism,Luxury,4
Female,5/8/2023,123,169,,Pesetarianism,Judaism,Minimal,4
Male,8/24/2022,110,68,,Vegetarianism,Buddism,Complex,4
Male,2/26/2023,189,32,,Veganism,Judaism,Minimal,4
Male,11/19/2022,170,60,Gluten,Omnivorousness,Islam,Balance,2
Male,10/24/2023,127,190,Molluscs,Veganism,Taoism,Luxury,3
Male,11/22/2022,142,52,Fish,Veganism,Buddism,Complex,3
Male,11/11/2023,135,81,Celery,Pesetarianism,Christianity,Balance,4
Female,8/10/2023,117,58,,Veganism,Islam,Luxury,2
Male,7/10/2023,198,134,Sesame,Vegetarianism,Hinduism,Complex,4
Female,1/8/2023,119,55,,Omnivorousness,Judaism,Minimal,3
Female,11/10/2022,106,190,,Vegetarianism,Taoism,Balance,5
Female,10/30/2023,150,41,,Vegetarianism,Taoism,Balance,3
Male,4/16/2023,146,136,,Omnivorousness,Judaism,Minimal,5
Female,11/9/2022,130,76,Lupin,Pesetarianism,Christianity,Minimal,2
Female,6/19/2022,150,64,Sesame,Pesetarianism,Christianity,Complex,4
Female,3/25/2023,132,51,,Veganism,Buddism,Complex,3
Female,6/25/2022,171,190,,Veganism,Sikhism,Balance,1
Female,7/24/2022,161,128,Lupin,Omnivorousness,Christianity,Minimal,4
Male,1/9/2023,133,34,Soy,Pesetarianism,Buddism,Minimal,3
Male,5/18/2022,151,168,,Veganism,Christianity,Minimal,4
Female,12/1/2022,159,71,,Omnivorousness,Sikhism,Complex,1
Male,9/19/2023,197,100,,Vegetarianism,Taoism,Luxury,1
Male,2/17/2023,157,188,,Vegetarianism,Islam,Balance,1
Female,12/29/2022,179,171,Sulphur Dioxide Sulphites,Vegetarianism,Islam,Balance,1
Female,4/12/2023,146,128,Fish,Omnivorousness,Taoism,Luxury,1
Male,6/6/2022,129,158,,Pesetarianism,Shinto,Balance,1
Female,9/20/2022,149,155,,Veganism,Judaism,Luxury,4
Male,2/20/2023,168,76,Sesame,Vegetarianism,Christianity,Complex,3
Male,11/15/2022,114,171,,Pesetarianism,Judaism,Luxury,5
Female,2/8/2023,189,141,,Veganism,Buddism,Minimal,3
Female,8/16/2022,145,177,,Veganism,Sikhism,Balance,2
Male,10/15/2023,198,138,,Vegetarianism,Sikhism,Complex,4
Female,2/22/2022,104,106,,Veganism,Judaism,Complex,1
Male,11/12/2023,162,67,,Veganism,Hinduism,Balance,1
Female,5/24/2022,172,38,Celery,Pesetarianism,Christianity,Balance,2
Male,3/13/2022,157,179,,Veganism,Shinto,Minimal,5
Female,11/26/2022,147,43,,Vegetarianism,Hinduism,Luxury,2
Male,9/28/2023,160,110,,Vegetarianism,Shinto,Balance,4
Male,2/6/2023,109,146,,Vegetarianism,Hinduism,Complex,2
Female,10/3/2023,108,67,,Veganism,Buddism,Complex,2
Female,2/10/2022,144,170,Sesame,Veganism,Taoism,Complex,2
Male,3/24/2022,140,156,,Omnivorousness,Sikhism,Luxury,3
Female,9/19/2022,107,77,,Vegetarianism,Judaism,Balance,3
Female,8/26/2022,147,118,Crustaceans,Vegetarianism,Hinduism,Luxury,3
Male,5/27/2023,176,49,,Vegetarianism,Judaism,Balance,1
Female,1/19/2023,140,122,,Omnivorousness,Islam,Complex,5
Female,8/22/2023,158,151,,Pesetarianism,Hinduism,Luxury,2
Male,9/12/2022,124,93,,Omnivorousness,Sikhism,Luxury,5
Male,3/12/2023,199,37,Sesame,Pesetarianism,Christianity,Balance,1
Female,8/10/2023,142,36,,Pesetarianism,Sikhism,Minimal,2
Male,10/22/2022,180,53,Fish,Pesetarianism,Christianity,Minimal,2
Female,4/13/2022,130,89,,Pesetarianism,Islam,Complex,3
Male,5/10/2022,184,154,Peanuts,Omnivorousness,Judaism,Balance,1
Female,11/13/2023,192,63,,Pesetarianism,Shinto,Complex,5
Male,1/20/2023,168,32,,Veganism,Christianity,Minimal,4
Female,11/25/2022,127,129,,Omnivorousness,Islam,Balance,1
Female,12/18/2023,178,80,,Veganism,Buddism,Balance,3
Female,6/27/2023,105,160,,Veganism,Sikhism,Balance,4
Male,2/19/2023,177,39,,Vegetarianism,Judaism,Minimal,1
Female,8/26/2022,115,51,,Veganism,Shinto,Complex,3
Male,6/27/2022,145,164,,Vegetarianism,Buddism,Complex,3
Female,9/9/2023,178,110,,Omnivorousness,Judaism,Balance,2
Female,8/3/2023,103,183,,Vegetarianism,Taoism,Minimal,2
Female,2/9/2022,154,122,,Vegetarianism,Shinto,Complex,2
Female,10/19/2023,106,130,,Vegetarianism,Buddism,Luxury,3
Male,10/28/2022,144,143,,Vegetarianism,Christianity,Balance,4
Female,9/16/2023,182,134,Molluscs,Vegetarianism,Taoism,Balance,5
Female,3/22/2022,179,186,,Omnivorousness,Islam,Luxury,1
Male,4/15/2023,101,138,,Pesetarianism,Christianity,Minimal,1
Female,11/23/2022,124,92,,Veganism,Shinto,Balance,5
Female,9/5/2022,141,33,,Omnivorousness,Buddism,Minimal,5
Male,5/22/2023,119,166,,Vegetarianism,Sikhism,Minimal,4
Female,12/28/2022,200,91,,Pesetarianism,Hinduism,Minimal,3
Female,6/19/2023,114,131,Mustard,Vegetarianism,Judaism,Minimal,1
Female,11/5/2022,196,158,,Pesetarianism,Taoism,Minimal,3
Female,2/3/2022,111,50,,Vegetarianism,Sikhism,Complex,4
Female,2/12/2022,199,136,,Omnivorousness,Buddism,Complex,5
Female,7/22/2023,109,108,,Vegetarianism,Islam,Complex,1
Female,8/31/2023,121,171,,Vegetarianism,Hinduism,Minimal,5
Female,12/17/2023,154,75,,Omnivorousness,Hinduism,Minimal,5
Female,3/20/2023,172,60,,Pesetarianism,Buddism,Complex,3
Female,12/7/2023,200,85,Sesame,Pesetarianism,Shinto,Complex,5
Female,10/11/2022,116,188,,Pesetarianism,Judaism,Complex,5
Male,11/17/2022,193,131,,Omnivorousness,Buddism,Complex,5
Female,10/2/2022,123,34,,Pesetarianism,Shinto,Luxury,5
Female,12/8/2022,145,179,,Omnivorousness,Hinduism,Minimal,5
Female,3/6/2022,166,43,Sulphur Dioxide Sulphites,Omnivorousness,Shinto,Complex,4
Female,2/25/2022,155,106,,Vegetarianism,Islam,Complex,2
Male,8/29/2022,101,32,,Omnivorousness,Judaism,Minimal,3
Male,6/14/2023,105,51,,Pesetarianism,Christianity,Balance,5
Male,3/21/2022,139,158,,Veganism,Judaism,Balance,1
Male,12/12/2022,154,99,,Omnivorousness,Sikhism,Complex,5
Female,1/18/2023,100,105,Gluten,Omnivorousness,Taoism,Balance,3
Female,9/24/2023,153,137,,Veganism,Buddism,Luxury,1
Female,2/7/2022,191,61,,Omnivorousness,Christianity,Complex,3
Female,6/5/2023,127,53,,Omnivorousness,Buddism,Minimal,1
Female,5/11/2023,161,92,,Veganism,Judaism,Complex,4
Male,12/7/2023,135,179,Crustaceans,Vegetarianism,Islam,Complex,4
Female,2/17/2023,190,166,,Veganism,Shinto,Minimal,1
Female,6/23/2023,130,126,,Veganism,Shinto,Balance,1
Male,8/24/2022,115,96,,Veganism,Islam,Balance,2
Female,1/8/2023,169,73,,Vegetarianism,Islam,Minimal,4
Female,7/8/2023,199,107,,Omnivorousness,Judaism,Luxury,1
Female,8/24/2022,196,45,Sulphur Dioxide Sulphites,Pesetarianism,Taoism,Luxury,2
Male,2/8/2022,199,110,,Veganism,Buddism,Complex,3
Female,10/4/2023,121,36,,Omnivorousness,Hinduism,Balance,4
Female,3/24/2023,101,183,,Pesetarianism,Hinduism,Luxury,1
Male,4/22/2023,184,182,Eggs,Vegetarianism,Christianity,Luxury,3
Female,6/18/2023,196,139,,Vegetarianism,Sikhism,Luxury,3
Female,8/6/2022,168,82,,Pesetarianism,Christianity,Luxury,3
Female,11/19/2022,186,182,,Pesetarianism,Taoism,Luxury,2
Male,8/2/2023,100,181,,Pesetarianism,Taoism,Complex,3
Male,9/8/2022,150,144,Sulphur Dioxide Sulphites,Vegetarianism,Taoism,Complex,3
Male,12/6/2022,145,190,Eggs,Pesetarianism,Sikhism,Balance,2
Female,11/23/2022,198,124,,Pesetarianism,Buddism,Balance,2
Male,8/8/2022,115,39,,Vegetarianism,Hinduism,Luxury,5
Male,8/12/2022,188,155,,Vegetarianism,Islam,Balance,5
Female,10/17/2023,164,69,Lupin,Pesetarianism,Shinto,Balance,4
Male,2/19/2023,131,181,,Omnivorousness,Sikhism,Balance,3
Female,4/2/2023,109,77,Celery,Vegetarianism,Buddism,Luxury,2
Female,11/18/2022,136,38,,Vegetarianism,Sikhism,Minimal,5
Male,9/5/2023,165,170,,Vegetarianism,Buddism,Balance,1
Male,4/20/2022,132,56,,Vegetarianism,Taoism,Luxury,1
Female,9/30/2022,116,151,Milk,Omnivorousness,Hinduism,Minimal,3
Male,2/12/2023,119,176,Sesame,Vegetarianism,Sikhism,Luxury,4
Male,7/31/2023,132,66,Milk,Veganism,Islam,Complex,1
Female,6/9/2023,116,145,,Veganism,Hinduism,Complex,5
Male,11/10/2023,106,85,,Veganism,Judaism,Luxury,3
Male,12/8/2022,171,157,,Vegetarianism,Islam,Balance,3
Female,2/22/2023,160,120,,Vegetarianism,Buddism,Luxury,4
Male,2/28/2023,114,61,Mustard,Pesetarianism,Judaism,Balance,5
Male,10/31/2022,100,66,Fish,Omnivorousness,Hinduism,Luxury,2
Male,4/21/2023,147,139,,Veganism,Judaism,Luxury,1
Male,12/11/2023,106,168,Molluscs,Omnivorousness,Judaism,Minimal,3
Female,8/18/2023,157,129,,Omnivorousness,Islam,Luxury,5
Female,10/9/2022,190,96,Tree Nuts,Pesetarianism,Hinduism,Balance,1
Male,2/12/2023,200,150,Eggs,Veganism,Judaism,Balance,2
Male,2/13/2022,198,84,,Pesetarianism,Christianity,Complex,4
Male,8/16/2022,197,185,,Veganism,Shinto,Minimal,3
Male,8/2/2022,117,115,,Veganism,Shinto,Luxury,3
Female,8/22/2022,118,123,,Omnivorousness,Sikhism,Balance,4
Female,8/8/2022,108,169,,Pesetarianism,Christianity,Minimal,1
Male,4/24/2022,166,169,,Vegetarianism,Taoism,Luxury,2
Male,6/28/2022,105,188,,Pesetarianism,Judaism,Minimal,2
Male,8/13/2022,122,166,Gluten,Vegetarianism,Judaism,Luxury,3
Male,12/4/2022,166,65,Sulphur Dioxide Sulphites,Omnivorousness,Buddism,Luxury,3
Female,11/14/2022,188,89,Molluscs,Pesetarianism,Islam,Luxury,4
Male,11/2/2023,180,81,,Veganism,Judaism,Balance,2
Male,9/9/2022,108,181,,Omnivorousness,Taoism,Minimal,5
Female,11/29/2022,119,61,Fish,Veganism,Sikhism,Minimal,2
Female,10/2/2022,192,157,,Pesetarianism,Taoism,Balance,2
Male,6/30/2022,138,51,,Vegetarianism,Christianity,Minimal,1
Female,6/24/2022,103,64,Gluten,Pesetarianism,Christianity,Luxury,2
Male,7/4/2022,192,66,Celery,Veganism,Buddism,Complex,3
Female,1/21/2023,169,148,,Veganism,Taoism,Luxury,2
Male,5/24/2023,152,37,,Omnivorousness,Sikhism,Balance,2
Male,2/13/2023,111,130,,Veganism,Taoism,Luxury,2
Female,4/5/2022,121,49,,Vegetarianism,Shinto,Minimal,5
Female,4/6/2023,177,68,Peanuts,Omnivorousness,Judaism,Balance,1
Male,3/9/2022,140,40,,Veganism,Shinto,Luxury,4
Female,7/8/2022,176,144,Sulphur Dioxide Sulphites,Pesetarianism,Islam,Luxury,5
Female,9/2/2022,132,57,Milk,Veganism,Buddism,Minimal,2
Male,1/7/2023,103,62,,Vegetarianism,Judaism,Luxury,5
Female,5/24/2022,198,174,,Pesetarianism,Sikhism,Minimal,1
Female,9/17/2022,200,167,Tree Nuts,Omnivorousness,Islam,Minimal,5
Male,9/21/2023,159,132,Tree Nuts,Veganism,Taoism,Complex,1
Male,8/13/2022,140,142,,Vegetarianism,Sikhism,Minimal,3
Female,12/3/2022,190,39,,Pesetarianism,Hinduism,Minimal,4
Male,11/13/2022,121,64,,Vegetarianism,Sikhism,Luxury,1
Male,5/8/2022,139,35,Lupin,Omnivorousness,Sikhism,Minimal,1
Female,11/30/2022,172,85,,Vegetarianism,Judaism,Balance,4
Male,11/8/2022,194,41,,Veganism,Buddism,Minimal,4
Female,1/17/2023,197,190,,Pesetarianism,Buddism,Complex,4
Female,2/11/2023,148,121,,Veganism,Sikhism,Balance,5
Female,8/18/2022,177,60,,Pesetarianism,Islam,Complex,4
Female,8/11/2023,113,150,Eggs,Vegetarianism,Christianity,Balance,3
Female,9/7/2022,153,83,,Omnivorousness,Islam,Balance,1
Female,7/18/2022,114,171,,Veganism,Christianity,Complex,4
Female,3/5/2022,126,35,Crustaceans,Omnivorousness,Shinto,Complex,1
Male,11/16/2022,119,166,Lupin,Veganism,Hinduism,Balance,1
Male,1/28/2023,182,53,Peanuts,Pesetarianism,Shinto,Minimal,2
Female,5/19/2023,171,140,,Veganism,Judaism,Luxury,1
Male,5/28/2022,123,165,Gluten,Vegetarianism,Judaism,Luxury,1
Female,4/27/2023,144,117,,Vegetarianism,Sikhism,Minimal,5
Male,6/25/2022,172,95,,Veganism,Sikhism,Balance,1
Female,7/14/2023,149,152,,Omnivorousness,Shinto,Minimal,1
Female,11/1/2023,198,60,,Omnivorousness,Hinduism,Minimal,1
Male,8/10/2023,164,61,,Vegetarianism,Shinto,Balance,4
Female,11/9/2023,119,171,,Omnivorousness,Christianity,Complex,3
Male,11/5/2023,146,109,,Pesetarianism,Shinto,Complex,1
Male,12/31/2022,153,53,,Omnivorousness,Shinto,Balance,4
Male,4/24/2022,176,149,Sesame,Veganism,Hinduism,Minimal,2
Male,3/18/2022,164,184,,Vegetarianism,Judaism,Luxury,3
Male,8/31/2023,142,117,,Vegetarianism,Shinto,Luxury,4
Female,3/7/2023,155,126,Mustard,Veganism,Buddism,Balance,5
Female,6/28/2022,141,70,,Pesetarianism,Judaism,Luxury,1
Male,8/30/2022,147,88,Gluten,Vegetarianism,Buddism,Minimal,3
Male,10/31/2022,106,163,,Omnivorousness,Sikhism,Complex,3
Female,10/10/2022,100,138,,Vegetarianism,Buddism,Complex,1
Female,3/20/2023,128,72,,Pesetarianism,Taoism,Minimal,2
Male,7/3/2023,191,146,,Omnivorousness,Buddism,Balance,5
Female,2/13/2023,195,34,,Veganism,Islam,Balance,5
Male,3/13/2022,107,83,,Pesetarianism,Judaism,Luxury,1
Female,10/25/2022,189,49,,Pesetarianism,Buddism,Minimal,1
Female,5/25/2023,132,61,Sulphur Dioxide Sulphites,Vegetarianism,Sikhism,Luxury,1
Male,12/2/2022,165,167,,Omnivorousness,Hinduism,Luxury,4
Female,8/2/2023,169,98,,Omnivorousness,Shinto,Complex,2
Female,7/28/2023,151,92,,Omnivorousness,Shinto,Minimal,5
Male,9/7/2022,117,153,,Omnivorousness,Christianity,Complex,4
Female,7/31/2023,171,147,,Veganism,Judaism,Balance,2
Male,4/6/2023,155,51,,Pesetarianism,Christianity,Complex,3
Male,11/17/2022,178,160,,Veganism,Islam,Luxury,5
Female,4/13/2022,194,100,,Veganism,Christianity,Minimal,1
Female,10/18/2023,148,150,,Vegetarianism,Shinto,Minimal,3
Female,5/26/2022,187,181,Sesame,Vegetarianism,Shinto,Luxury,1
Male,11/8/2023,151,65,,Veganism,Hinduism,Luxury,3
Male,7/12/2023,197,128,Sulphur Dioxide Sulphites,Pesetarianism,Judaism,Complex,1
Male,4/1/2023,119,41,,Vegetarianism,Sikhism,Balance,1
Female,11/28/2023,174,44,Crustaceans,Omnivorousness,Hinduism,Minimal,5
Female,2/26/2023,198,74,,Veganism,Shinto,Minimal,1
Male,7/6/2022,137,92,,Vegetarianism,Judaism,Luxury,3
Male,11/19/2023,196,124,,Veganism,Christianity,Luxury,2
Male,10/10/2023,143,92,Soy,Veganism,Taoism,Balance,2
Female,7/14/2022,182,38,,Pesetarianism,Islam,Balance,5
Male,2/25/2023,116,124,Crustaceans,Vegetarianism,Buddism,Luxury,5
Female,4/26/2022,174,78,,Vegetarianism,Islam,Balance,5
Female,12/14/2023,103,118,,Pesetarianism,Islam,Luxury,3
Male,6/26/2023,114,169,,Veganism,Shinto,Minimal,5
Male,1/11/2023,157,168,,Omnivorousness,Hinduism,Complex,4
Male,6/28/2022,169,95,,Pesetarianism,Sikhism,Minimal,4
Male,3/18/2022,170,187,,Vegetarianism,Taoism,Minimal,1
Female,9/3/2023,174,62,,Veganism,Islam,Minimal,5
Male,11/30/2022,121,74,,Omnivorousness,Buddism,Minimal,2
Female,11/26/2022,200,86,,Omnivorousness,Taoism,Luxury,5
Male,11/26/2023,167,154,,Pesetarianism,Hinduism,Luxury,5
Female,1/30/2023,124,135,,Vegetarianism,Hinduism,Balance,4
Female,1/26/2023,131,85,,Vegetarianism,Shinto,Complex,5
Female,2/26/2022,165,162,Sulphur Dioxide Sulphites,Omnivorousness,Shinto,Minimal,3
Male,10/31/2023,152,97,,Pesetarianism,Shinto,Minimal,3
Male,10/5/2023,145,105,Fish,Vegetarianism,Islam,Minimal,2
Female,12/13/2023,179,99,,Omnivorousness,Taoism,Balance,3
Male,6/30/2022,105,44,Soy,Vegetarianism,Hinduism,Minimal,4
Male,12/2/2023,156,104,Lupin,Omnivorousness,Islam,Complex,5
Female,9/17/2022,124,44,Mustard,Omnivorousness,Judaism,Luxury,3
Male,8/19/2022,171,86,Sesame,Omnivorousness,Judaism,Luxury,4
Male,11/15/2023,132,55,,Omnivorousness,Islam,Balance,1
Male,5/16/2022,200,71,Celery,Pesetarianism,Shinto,Complex,1
Male,3/14/2022,182,76,,Vegetarianism,Shinto,Balance,2
Male,6/24/2023,194,86,,Pesetarianism,Taoism,Luxury,5
Female,10/20/2022,179,80,,Veganism,Christianity,Minimal,5
Male,9/9/2022,114,128,Gluten,Veganism,Buddism,Complex,4
Male,8/19/2022,102,185,Molluscs,Vegetarianism,Buddism,Complex,3
Female,7/21/2023,147,117,Crustaceans,Veganism,Judaism,Complex,3
Male,11/12/2022,107,120,,Pesetarianism,Taoism,Complex,2
Male,5/15/2022,183,107,,Pesetarianism,Christianity,Balance,5
Male,6/16/2022,142,114,,Vegetarianism,Islam,Complex,2
Female,11/22/2023,152,130,,Pesetarianism,Judaism,Balance,4
Female,12/17/2022,176,126,,Vegetarianism,Judaism,Luxury,4
Male,10/23/2022,194,71,,Veganism,Judaism,Complex,1
Male,9/14/2022,197,48,Soy,Veganism,Shinto,Minimal,1
Male,7/25/2023,195,179,Sulphur Dioxide Sulphites,Veganism,Sikhism,Minimal,4
Male,3/23/2022,134,154,,Veganism,Sikhism,Luxury,4
Male,2/18/2022,126,184,,Pesetarianism,Sikhism,Balance,1
Female,10/12/2022,109,164,Lupin,Pesetarianism,Taoism,Luxury,2
Female,8/25/2022,198,166,,Pesetarianism,Christianity,Complex,5
Female,10/8/2022,143,39,,Pesetarianism,Taoism,Balance,1
Male,12/11/2023,165,91,,Pesetarianism,Shinto,Minimal,4
Male,2/26/2022,191,184,,Pesetarianism,Shinto,Complex,3
Female,6/10/2022,130,183,,Omnivorousness,Buddism,Complex,1
Male,3/4/2023,124,81,,Omnivorousness,Shinto,Luxury,4
Male,11/22/2023,170,140,,Pesetarianism,Judaism,Complex,4
Female,5/11/2022,181,37,,Veganism,Sikhism,Minimal,3
Female,5/31/2022,130,78,,Veganism,Taoism,Luxury,5
Male,10/15/2023,132,182,,Pesetarianism,Sikhism,Balance,5
Male,11/6/2022,192,72,,Pesetarianism,Hinduism,Luxury,5
Male,9/27/2023,133,112,,Vegetarianism,Christianity,Balance,2
Male,2/19/2023,170,176,Crustaceans,Vegetarianism,Shinto,Complex,2
Female,9/2/2023,174,39,Tree Nuts,Omnivorousness,Sikhism,Complex,3
Female,9/13/2022,134,166,Celery,Pesetarianism,Shinto,Complex,4
Male,6/18/2022,101,146,,Pesetarianism,Buddism,Balance,3
Male,11/9/2023,188,113,,Pesetarianism,Buddism,Complex,3
Female,9/12/2023,156,93,,Vegetarianism,Christianity,Luxury,1
Female,3/13/2023,186,51,,Omnivorousness,Christianity,Balance,5
Female,12/29/2022,122,119,,Veganism,Hinduism,Balance,2
Male,11/5/2022,195,128,,Veganism,Shinto,Luxury,1
Female,9/13/2022,123,127,,Pesetarianism,Shinto,Balance,2
Male,6/14/2022,130,73,,Veganism,Shinto,Minimal,2
Female,10/7/2023,106,56,Peanuts,Omnivorousness,Islam,Luxury,1
Male,10/13/2022,110,83,Eggs,Pesetarianism,Hinduism,Complex,4
Female,9/16/2022,148,159,,Pesetarianism,Islam,Luxury,2
Female,1/23/2023,121,156,Sulphur Dioxide Sulphites,Omnivorousness,Islam,Balance,3
Female,3/14/2023,147,39,,Omnivorousness,Christianity,Complex,3
Male,7/27/2022,164,128,,Omnivorousness,Shinto,Complex,4
Female,2/26/2023,120,90,,Pesetarianism,Shinto,Minimal,2
Male,2/28/2022,104,44,,Veganism,Buddism,Balance,1
Male,11/2/2022,190,64,,Omnivorousness,Shinto,Complex,2
Male,8/2/2023,187,149,,Veganism,Islam,Balance,5
Male,7/25/2023,120,70,Gluten,Veganism,Buddism,Luxury,4
Female,11/15/2023,101,74,Gluten,Omnivorousness,Taoism,Balance,2
Male,12/11/2023,116,111,Celery,Vegetarianism,Sikhism,Complex,1
Female,7/9/2022,122,74,Soy,Pesetarianism,Buddism,Balance,5
Male,2/28/2023,175,186,,Omnivorousness,Buddism,Complex,4
Male,9/29/2022,195,151,,Vegetarianism,Hinduism,Luxury,5
Female,10/27/2023,144,82,,Omnivorousness,Buddism,Balance,1
Male,7/25/2023,108,67,,Pesetarianism,Taoism,Luxury,2
Male,7/14/2022,108,138,,Vegetarianism,Christianity,Luxury,4
Male,9/13/2023,139,147,,Veganism,Hinduism,Minimal,4
Female,4/14/2022,178,122,,Omnivorousness,Judaism,Complex,2
Male,10/11/2022,126,154,,Vegetarianism,Judaism,Minimal,3
Female,4/26/2022,133,50,,Omnivorousness,Christianity,Luxury,5
Male,9/19/2023,101,94,,Pesetarianism,Islam,Luxury,4
Male,12/18/2022,125,102,,Veganism,Sikhism,Luxury,5
Female,7/11/2023,135,153,,Vegetarianism,Christianity,Complex,2
Female,10/21/2023,124,180,,Vegetarianism,Sikhism,Minimal,5
Female,6/23/2023,172,155,,Pesetarianism,Islam,Minimal,2
Female,5/4/2023,140,189,,Omnivorousness,Hinduism,Minimal,2
Female,5/13/2023,193,50,,Omnivorousness,Taoism,Luxury,3
Female,7/15/2023,185,76,,Veganism,Christianity,Minimal,3
Female,10/12/2023,130,92,Mustard,Omnivorousness,Hinduism,Complex,5
Female,5/1/2022,175,32,,Omnivorousness,Christianity,Complex,4
Female,4/22/2023,163,56,Milk,Pesetarianism,Judaism,Complex,4
Female,3/14/2023,162,137,Soy,Omnivorousness,Taoism,Minimal,2
Male,6/15/2022,105,51,,Omnivorousness,Taoism,Complex,4
Female,4/10/2023,138,144,,Vegetarianism,Islam,Luxury,3
Female,11/3/2023,159,183,,Vegetarianism,Buddism,Balance,1
Female,10/31/2023,123,182,,Vegetarianism,Judaism,Luxury,4
Female,11/17/2023,188,83,,Veganism,Buddism,Minimal,2
Male,8/23/2022,114,42,,Omnivorousness,Sikhism,Minimal,1
Male,11/12/2022,119,189,,Omnivorousness,Islam,Minimal,1
Female,12/29/2022,196,106,,Omnivorousness,Shinto,Minimal,1
Male,2/20/2022,176,82,,Vegetarianism,Taoism,Complex,2
Female,11/22/2022,165,143,,Omnivorousness,Taoism,Minimal,2
Male,2/1/2022,132,153,,Omnivorousness,Taoism,Complex,3
Female,8/8/2023,170,159,,Pesetarianism,Shinto,Complex,1
Male,10/17/2023,142,33,Eggs,Veganism,Islam,Minimal,1
Female,10/3/2023,194,141,Sesame,Veganism,Islam,Minimal,4
Female,9/3/2023,159,124,Molluscs,Omnivorousness,Shinto,Complex,3
Male,7/8/2023,184,44,,Pesetarianism,Taoism,Complex,3
Female,4/3/2022,176,122,Tree Nuts,Vegetarianism,Hinduism,Balance,2
Female,6/14/2023,148,126,,Omnivorousness,Christianity,Balance,2
Male,3/14/2022,166,122,,Vegetarianism,Taoism,Complex,4
Female,8/17/2022,195,108,,Pesetarianism,Hinduism,Minimal,2
Male,5/28/2023,102,75,Sesame,Pesetarianism,Christianity,Complex,3
Female,10/4/2023,116,145,Eggs,Pesetarianism,Judaism,Luxury,2
Male,2/11/2022,130,136,,Omnivorousness,Christianity,Luxury,1
Male,5/8/2023,100,170,Molluscs,Pesetarianism,Judaism,Minimal,4
Male,1/2/2023,125,32,,Omnivorousness,Taoism,Balance,4
Male,5/6/2023,168,169,,Veganism,Islam,Balance,4
Male,11/20/2022,180,86,,Veganism,Sikhism,Minimal,1
Female,5/6/2023,157,187,Eggs,Omnivorousness,Taoism,Minimal,5
Female,3/9/2023,161,85,Milk,Veganism,Christianity,Minimal,5
Female,12/12/2023,121,105,,Veganism,Shinto,Complex,3
Male,4/14/2022,138,81,,Veganism,Hinduism,Luxury,5
Female,5/4/2023,116,51,,Pesetarianism,Buddism,Minimal,1
Female,11/24/2023,160,134,Peanuts,Pesetarianism,Hinduism,Complex,3
Male,8/5/2023,197,70,,Vegetarianism,Shinto,Complex,5
Female,5/4/2023,101,178,,Veganism,Judaism,Complex,1
Female,2/6/2022,165,70,Mustard,Omnivorousness,Christianity,Minimal,3
Male,12/4/2022,193,111,,Omnivorousness,Judaism,Minimal,4
Female,5/25/2022,154,142,,Veganism,Judaism,Minimal,2
Female,5/26/2022,168,105,,Omnivorousness,Sikhism,Balance,2
Female,12/1/2022,192,145,,Vegetarianism,Shinto,Balance,3
Male,11/18/2022,189,63,Molluscs,Omnivorousness,Christianity,Luxury,2
Male,11/1/2023,124,174,,Omnivorousness,Buddism,Luxury,2
Female,5/15/2023,136,135,,Pesetarianism,Hinduism,Minimal,2
Female,4/29/2023,111,150,,Veganism,Islam,Luxury,1
Female,2/9/2022,187,110,,Omnivorousness,Buddism,Luxury,3
Male,3/14/2022,171,76,Fish,Pesetarianism,Buddism,Complex,2
Female,8/24/2022,106,150,Lupin,Vegetarianism,Judaism,Complex,3
Male,3/5/2022,118,172,,Omnivorousness,Buddism,Luxury,1
Female,6/27/2023,189,120,,Veganism,Taoism,Complex,4
Male,9/26/2022,163,118,,Omnivorousness,Shinto,Minimal,2
Male,10/1/2023,173,110,,Pesetarianism,Hinduism,Balance,4
Female,10/28/2022,118,123,,Pesetarianism,Sikhism,Minimal,2
Male,9/26/2022,188,43,Crustaceans,Vegetarianism,Sikhism,Balance,3
Female,3/2/2022,193,71,,Veganism,Sikhism,Luxury,5
Male,6/27/2023,106,107,,Pesetarianism,Sikhism,Balance,5
Female,2/22/2022,120,91,,Omnivorousness,Hinduism,Luxury,1
Male,6/12/2022,182,70,,Pesetarianism,Hinduism,Luxury,2
Female,7/23/2022,159,51,Soy,Vegetarianism,Christianity,Balance,3
Female,3/1/2022,144,162,,Veganism,Buddism,Balance,4
Male,5/15/2023,187,134,,Omnivorousness,Shinto,Balance,3
Male,8/12/2022,107,62,,Veganism,Islam,Balance,1
Female,3/4/2023,122,133,,Vegetarianism,Sikhism,Complex,1
Male,11/30/2022,132,86,Molluscs,Pesetarianism,Islam,Luxury,5
Female,3/8/2023,120,65,,Pesetarianism,Shinto,Complex,2
Female,5/13/2022,156,103,Gluten,Omnivorousness,Christianity,Complex,1
Male,10/8/2023,157,36,,Vegetarianism,Judaism,Minimal,5
Female,7/31/2023,155,162,,Veganism,Sikhism,Complex,1
Male,8/6/2023,137,140,,Omnivorousness,Islam,Balance,5
Male,7/27/2023,136,77,Fish,Omnivorousness,Islam,Complex,5
Male,10/27/2023,156,94,,Pesetarianism,Sikhism,Luxury,4
Female,9/19/2022,129,86,,Vegetarianism,Buddism,Complex,5
Male,6/6/2022,111,128,,Vegetarianism,Judaism,Balance,4
Male,11/19/2022,160,188,,Omnivorousness,Sikhism,Luxury,2
Male,2/2/2022,136,173,,Veganism,Judaism,Luxury,4
Female,5/29/2022,199,128,Mustard,Vegetarianism,Taoism,Balance,4
Female,7/15/2023,163,70,Milk,Vegetarianism,Taoism,Minimal,1
Female,8/24/2023,122,151,,Vegetarianism,Christianity,Complex,1
Female,5/21/2022,197,169,Milk,Veganism,Hinduism,Luxury,2
Female,3/14/2022,144,158,Tree Nuts,Vegetarianism,Hinduism,Complex,2
Male,9/18/2023,130,119,,Pesetarianism,Hinduism,Balance,3
Male,11/30/2023,156,110,Fish,Vegetarianism,Hinduism,Balance,5
Male,9/29/2022,146,86,,Vegetarianism,Sikhism,Complex,5
Male,1/13/2023,182,58,Crustaceans,Veganism,Hinduism,Minimal,1
Female,7/22/2023,141,33,,Pesetarianism,Judaism,Minimal,3
Female,4/28/2023,111,180,,Pesetarianism,Shinto,Luxury,5
Female,4/21/2022,123,80,Sesame,Omnivorousness,Christianity,Luxury,3
Female,4/6/2023,176,163,,Vegetarianism,Buddism,Balance,5
Female,9/10/2023,102,40,,Veganism,Christianity,Complex,4
Female,5/31/2022,155,122,Gluten,Omnivorousness,Buddism,Minimal,2
Male,4/19/2023,103,176,,Vegetarianism,Christianity,Luxury,1
Male,7/11/2023,106,115,Celery,Vegetarianism,Buddism,Luxury,4
Female,9/2/2022,182,142,,Pesetarianism,Judaism,Luxury,5
Male,2/17/2023,172,70,Celery,Vegetarianism,Judaism,Luxury,3
Female,1/16/2023,125,145,,Veganism,Buddism,Minimal,4
Male,10/22/2022,142,136,Crustaceans,Omnivorousness,Shinto,Balance,3
Male,12/4/2022,200,55,Milk,Omnivorousness,Taoism,Minimal,4
Female,10/3/2023,134,183,,Omnivorousness,Shinto,Complex,1
Male,10/24/2022,183,58,,Pesetarianism,Sikhism,Complex,5
Male,10/14/2022,161,95,Fish,Pesetarianism,Hinduism,Balance,1
Female,6/12/2023,147,131,Mustard,Vegetarianism,Hinduism,Luxury,5
Female,1/10/2023,108,176,,Pesetarianism,Buddism,Balance,2
Male,10/25/2023,200,89,,Veganism,Taoism,Luxury,2
Male,3/10/2022,185,125,,Pesetarianism,Christianity,Minimal,5
Female,5/18/2023,101,45,,Pesetarianism,Taoism,Complex,3
Male,5/17/2023,177,88,Celery,Omnivorousness,Islam,Balance,5
Male,3/4/2022,178,64,,Vegetarianism,Christianity,Balance,1
Male,5/22/2023,164,155,,Omnivorousness,Sikhism,Balance,5
Female,1/17/2023,169,167,,Pesetarianism,Islam,Balance,5
Male,5/30/2023,150,134,,Pesetarianism,Buddism,Balance,1
Female,10/19/2022,155,49,,Veganism,Islam,Luxury,3
Male,5/20/2022,150,149,,Pesetarianism,Hinduism,Complex,4
Female,12/15/2022,178,164,,Vegetarianism,Christianity,Luxury,3
Female,7/21/2022,163,111,,Vegetarianism,Christianity,Complex,4
Female,3/24/2022,147,186,Milk,Omnivorousness,Islam,Complex,5
Male,1/2/2023,196,102,,Veganism,Taoism,Minimal,5
Male,4/12/2022,124,71,Eggs,Pesetarianism,Islam,Minimal,5
Male,11/2/2023,118,114,Eggs,Veganism,Buddism,Balance,4
Male,8/18/2023,153,63,Mustard,Veganism,Sikhism,Complex,5
Female,9/4/2022,141,154,Tree Nuts,Pesetarianism,Shinto,Complex,5
Female,5/1/2023,180,95,,Vegetarianism,Christianity,Balance,4
Female,3/10/2023,109,94,,Veganism,Shinto,Complex,1
Female,10/3/2023,163,188,,Veganism,Sikhism,Balance,5
Male,6/8/2023,171,108,,Omnivorousness,Hinduism,Complex,4
Female,7/29/2023,143,98,,Veganism,Islam,Luxury,2
Male,1/29/2023,132,34,,Pesetarianism,Taoism,Balance,1
Female,3/6/2022,152,125,Tree Nuts,Vegetarianism,Judaism,Minimal,2
Female,2/13/2022,171,132,,Omnivorousness,Islam,Minimal,4
Male,7/1/2023,174,36,,Pesetarianism,Christianity,Minimal,3
Female,1/16/2023,143,151,,Veganism,Buddism,Minimal,4
Female,2/11/2022,136,70,,Omnivorousness,Christianity,Luxury,2
Male,8/19/2023,159,170,Peanuts,Omnivorousness,Buddism,Minimal,5
Male,7/5/2023,112,53,,Vegetarianism,Christianity,Luxury,5
Female,12/31/2022,133,139,,Omnivorousness,Hinduism,Complex,1
Female,6/23/2023,199,130,,Vegetarianism,Sikhism,Balance,3
Female,8/12/2023,167,67,,Pesetarianism,Taoism,Complex,5
Female,7/2/2023,104,94,Crustaceans,Omnivorousness,Islam,Luxury,4
Male,4/3/2023,166,64,Peanuts,Pesetarianism,Taoism,Luxury,2
Female,6/11/2022,138,127,,Pesetarianism,Buddism,Luxury,5
Female,5/17/2022,182,123,,Veganism,Buddism,Minimal,5
Male,3/24/2023,116,38,,Veganism,Buddism,Balance,1
Female,12/31/2022,111,150,,Pesetarianism,Sikhism,Minimal,5
Female,6/9/2022,133,42,Tree Nuts,Omnivorousness,Judaism,Complex,3
Female,3/1/2022,149,151,,Vegetarianism,Buddism,Balance,2
Female,8/27/2022,139,49,Sesame,Omnivorousness,Taoism,Luxury,1
Male,2/23/2022,156,48,,Vegetarianism,Shinto,Balance,2
Male,6/9/2023,186,156,,Vegetarianism,Judaism,Luxury,3
Male,12/17/2022,128,88,,Omnivorousness,Judaism,Complex,3
Male,11/22/2022,152,116,Molluscs,Veganism,Islam,Minimal,1
Female,12/5/2022,108,184,,Vegetarianism,Shinto,Balance,4
Male,11/8/2023,115,95,,Veganism,Taoism,Balance,3
Male,6/10/2023,187,142,Celery,Veganism,Sikhism,Luxury,1
Male,8/3/2022,141,172,,Veganism,Taoism,Minimal,4
Male,6/17/2022,121,64,,Vegetarianism,Buddism,Complex,5
Male,8/26/2022,152,178,Fish,Veganism,Sikhism,Balance,2
Male,5/30/2023,152,173,Eggs,Omnivorousness,Judaism,Complex,4
Male,11/8/2022,121,119,,Pesetarianism,Sikhism,Complex,5
Female,12/19/2022,138,53,,Vegetarianism,Hinduism,Balance,4
Male,7/5/2023,173,119,,Vegetarianism,Buddism,Balance,1
Male,12/3/2023,160,156,,Vegetarianism,Taoism,Luxury,2
Female,1/20/2023,157,67,,Veganism,Hinduism,Luxury,5
Female,10/2/2023,129,36,,Pesetarianism,Buddism,Balance,2
Female,2/2/2023,198,33,,Vegetarianism,Taoism,Minimal,1
Male,7/27/2023,148,164,,Vegetarianism,Buddism,Complex,2
Male,2/15/2022,162,63,,Pesetarianism,Sikhism,Minimal,4
Male,10/11/2023,112,137,,Omnivorousness,Islam,Luxury,1
Female,4/17/2022,122,67,,Omnivorousness,Hinduism,Complex,4
Male,11/28/2023,198,156,,Pesetarianism,Judaism,Minimal,5
Male,9/22/2023,191,105,,Vegetarianism,Buddism,Balance,4
Male,7/31/2022,176,88,,Omnivorousness,Sikhism,Balance,1
Female,9/25/2022,119,146,Mustard,Omnivorousness,Sikhism,Complex,1
Male,9/3/2023,142,164,,Veganism,Taoism,Complex,2
Female,7/11/2023,120,154,,Omnivorousness,Hinduism,Minimal,1
Female,3/21/2023,121,114,,Vegetarianism,Hinduism,Minimal,4
Male,4/12/2022,191,103,,Omnivorousness,Christianity,Balance,5
Male,10/26/2023,187,34,Eggs,Veganism,Sikhism,Luxury,1
Male,2/23/2023,148,33,Crustaceans,Veganism,Islam,Complex,1
Female,6/22/2022,133,134,,Pesetarianism,Shinto,Minimal,4
Female,7/17/2022,149,78,,Pesetarianism,Buddism,Complex,5
Female,7/7/2022,113,64,Sesame,Veganism,Hinduism,Complex,3
Male,11/27/2023,159,157,,Omnivorousness,Taoism,Luxury,5
Male,12/24/2022,114,135,,Veganism,Hinduism,Balance,4
Male,8/4/2023,170,37,Tree Nuts,Veganism,Christianity,Luxury,2
Female,5/6/2023,152,171,,Veganism,Sikhism,Balance,5
Female,12/20/2022,186,77,,Pesetarianism,Sikhism,Minimal,4
Female,12/12/2023,127,104,,Vegetarianism,Christianity,Minimal,5
Female,8/28/2022,105,101,,Veganism,Shinto,Complex,4
Male,3/23/2023,136,153,Tree Nuts,Omnivorousness,Taoism,Minimal,1
Female,12/16/2022,129,159,,Pesetarianism,Hinduism,Complex,2
Female,1/21/2023,149,41,,Pesetarianism,Islam,Balance,1
Male,7/4/2023,131,158,Molluscs,Omnivorousness,Christianity,Minimal,1
Male,8/4/2023,183,47,,Vegetarianism,Judaism,Balance,5
Male,5/14/2023,106,144,,Vegetarianism,Sikhism,Luxury,2
Female,11/19/2023,192,95,,Veganism,Judaism,Luxury,4
Male,10/10/2023,132,75,,Pesetarianism,Islam,Minimal,1
Female,12/25/2022,110,76,Celery,Omnivorousness,Islam,Minimal,3
Male,5/18/2023,163,187,,Veganism,Judaism,Minimal,3
Male,2/8/2023,121,175,,Omnivorousness,Shinto,Complex,3
Male,6/10/2022,110,99,,Vegetarianism,Sikhism,Complex,1
Female,4/6/2022,133,58,,Veganism,Sikhism,Luxury,2
Female,4/7/2022,131,54,Eggs,Pesetarianism,Shinto,Complex,2
Male,9/16/2023,190,74,,Pesetarianism,Christianity,Luxury,5
Female,3/31/2023,180,55,,Veganism,Taoism,Minimal,2
Male,9/21/2023,160,160,,Pesetarianism,Shinto,Luxury,4
Female,10/19/2022,109,113,,Veganism,Sikhism,Balance,1
Male,7/18/2023,145,90,Tree Nuts,Vegetarianism,Islam,Balance,4
Female,7/21/2023,172,87,,Omnivorousness,Islam,Balance,2
Female,11/10/2022,124,107,Tree Nuts,Pesetarianism,Judaism,Complex,1
Female,5/29/2022,138,125,Lupin,Omnivorousness,Christianity,Complex,2
Male,12/3/2022,179,49,Sulphur Dioxide Sulphites,Veganism,Christianity,Minimal,2
Male,5/7/2022,197,64,Molluscs,Veganism,Shinto,Luxury,4
Male,6/29/2023,125,172,Eggs,Pesetarianism,Sikhism,Complex,3
Male,9/30/2022,163,163,,Vegetarianism,Buddism,Complex,2
Female,12/29/2022,131,81,Mustard,Omnivorousness,Hinduism,Minimal,5
Female,11/18/2022,170,85,,Omnivorousness,Sikhism,Minimal,2
Female,7/21/2022,165,107,,Pesetarianism,Buddism,Luxury,4
Female,9/3/2022,108,51,Soy,Pesetarianism,Taoism,Minimal,3
Male,2/10/2022,156,72,Mustard,Pesetarianism,Sikhism,Luxury,3
Male,9/23/2023,157,71,,Omnivorousness,Islam,Luxury,1
Female,5/29/2022,109,186,,Omnivorousness,Christianity,Luxury,4
Male,7/8/2023,112,180,Milk,Veganism,Christianity,Balance,5
Female,6/20/2022,134,104,,Vegetarianism,Sikhism,Minimal,3
Female,6/3/2022,179,167,,Veganism,Islam,Luxury,2
Female,7/5/2022,194,127,,Pesetarianism,Sikhism,Complex,3
Male,9/4/2022,161,51,,Veganism,Sikhism,Complex,5
Female,9/29/2022,121,89,Celery,Veganism,Taoism,Minimal,4
Male,9/16/2022,136,147,,Omnivorousness,Islam,Minimal,4
Male,12/23/2022,168,99,Crustaceans,Omnivorousness,Taoism,Complex,3
Female,3/14/2022,109,139,Mustard,Omnivorousness,Judaism,Luxury,1
Male,2/5/2023,111,109,,Veganism,Buddism,Luxury,2
Male,5/2/2023,102,108,,Pesetarianism,Buddism,Luxury,3
Female,9/24/2023,115,116,,Pesetarianism,Hinduism,Complex,1
Female,6/19/2023,128,108,,Vegetarianism,Islam,Minimal,5
Female,12/31/2022,105,32,Sesame,Omnivorousness,Judaism,Luxury,4
Male,11/28/2023,104,41,,Vegetarianism,Christianity,Minimal,5
Male,3/7/2023,130,85,Crustaceans,Pesetarianism,Taoism,Minimal,5
Male,3/18/2022,131,156,,Vegetarianism,Hinduism,Luxury,1
Female,5/11/2022,116,66,,Vegetarianism,Islam,Luxury,2
Male,5/14/2022,198,167,,Omnivorousness,Taoism,Balance,5
Female,7/30/2022,189,97,,Pesetarianism,Taoism,Luxury,1
Female,10/22/2023,131,123,,Vegetarianism,Islam,Balance,5
Female,6/12/2023,164,172,,Veganism,Hinduism,Luxury,4
Female,8/1/2022,145,84,,Veganism,Islam,Luxury,4
Male,9/16/2022,104,40,,Omnivorousness,Sikhism,Complex,1
Male,3/17/2022,148,123,,Vegetarianism,Christianity,Complex,5
Female,7/21/2023,199,186,,Vegetarianism,Hinduism,Balance,5
Male,4/25/2023,143,103,,Pesetarianism,Islam,Minimal,1
Male,10/29/2022,187,45,,Veganism,Islam,Minimal,4
Female,6/4/2023,170,44,,Pesetarianism,Islam,Balance,3
Female,11/2/2023,158,86,,Veganism,Hinduism,Minimal,1
Male,2/17/2023,159,88,,Pesetarianism,Sikhism,Luxury,4
Male,4/2/2022,185,107,,Pesetarianism,Hinduism,Minimal,2
Male,5/26/2022,199,107,Soy,Omnivorousness,Hinduism,Minimal,5
Male,3/22/2022,168,54,Peanuts,Omnivorousness,Christianity,Balance,5
Female,10/25/2023,128,105,,Veganism,Buddism,Luxury,2
Female,10/2/2023,146,152,,Omnivorousness,Christianity,Complex,5
Male,3/23/2023,184,114,,Veganism,Hinduism,Luxury,5
Female,10/6/2023,191,109,Mustard,Omnivorousness,Buddism,Luxury,4
Male,6/23/2022,126,106,,Vegetarianism,Christianity,Balance,1
Female,4/25/2022,173,108,Soy,Omnivorousness,Shinto,Complex,3
Male,5/12/2023,163,53,,Pesetarianism,Taoism,Luxury,2
Female,3/26/2022,147,82,Fish,Vegetarianism,Islam,Balance,5
Male,12/9/2023,163,35,Gluten,Vegetarianism,Shinto,Luxury,3
Female,12/8/2023,147,143,Molluscs,Vegetarianism,Sikhism,Minimal,1
Male,7/29/2023,185,89,Peanuts,Omnivorousness,Hinduism,Luxury,4
Female,6/30/2022,179,90,,Omnivorousness,Hinduism,Balance,4
Male,10/5/2022,187,67,,Omnivorousness,Taoism,Balance,4
Male,11/23/2022,125,160,,Vegetarianism,Buddism,Minimal,2
Female,2/5/2022,125,90,,Pesetarianism,Sikhism,Minimal,5
Male,3/29/2023,194,42,Soy,Omnivorousness,Hinduism,Complex,3
Female,6/6/2023,132,122,Soy,Vegetarianism,Shinto,Balance,5
Female,4/26/2023,187,82,,Omnivorousness,Buddism,Balance,1
Female,10/8/2023,194,181,Crustaceans,Vegetarianism,Taoism,Minimal,3
Male,5/10/2023,102,63,,Omnivorousness,Judaism,Luxury,4
Female,8/5/2022,127,154,Crustaceans,Vegetarianism,Islam,Balance,1
Male,12/30/2022,170,88,Eggs,Omnivorousness,Buddism,Minimal,4
Female,12/6/2023,136,186,,Veganism,Islam,Balance,4
Female,12/7/2023,198,61,Celery,Omnivorousness,Shinto,Complex,2
Female,11/24/2022,140,160,Lupin,Vegetarianism,Buddism,Luxury,5
Female,3/1/2022,134,78,Sesame,Veganism,Judaism,Luxury,2
Female,7/12/2022,153,105,Crustaceans,Vegetarianism,Taoism,Balance,2
Female,2/1/2022,177,53,,Pesetarianism,Islam,Complex,3
Female,9/4/2022,139,171,,Veganism,Hinduism,Balance,3
Female,6/20/2023,110,154,,Vegetarianism,Buddism,Luxury,1
Male,2/17/2022,185,126,Sesame,Vegetarianism,Christianity,Luxury,1
Female,10/28/2023,180,147,Milk,Vegetarianism,Hinduism,Complex,1
Male,3/18/2022,114,79,,Omnivorousness,Shinto,Luxury,5
Male,11/20/2022,110,88,Lupin,Pesetarianism,Sikhism,Minimal,2
Male,9/14/2022,158,123,Eggs,Omnivorousness,Christianity,Luxury,5
Male,9/4/2023,104,155,Crustaceans,Omnivorousness,Islam,Complex,2
Female,7/13/2022,105,75,,Omnivorousness,Shinto,Minimal,4
Male,7/22/2023,172,155,Sulphur Dioxide Sulphites,Pesetarianism,Sikhism,Balance,4
Male,4/12/2023,129,37,Milk,Pesetarianism,Taoism,Luxury,2
Female,12/6/2023,175,140,,Pesetarianism,Shinto,Minimal,1
Female,4/8/2022,121,102,,Vegetarianism,Christianity,Balance,2
Male,6/20/2022,147,64,,Pesetarianism,Christianity,Luxury,4
Female,9/5/2023,114,90,,Pesetarianism,Islam,Balance,4
Female,3/30/2022,163,129,,Pesetarianism,Buddism,Complex,2
Male,5/5/2023,191,118,,Vegetarianism,Christianity,Luxury,4
Male,8/25/2023,165,159,,Vegetarianism,Shinto,Minimal,5
Female,8/4/2023,123,128,,Vegetarianism,Christianity,Balance,4
Male,1/20/2023,118,111,,Vegetarianism,Christianity,Luxury,1
Male,9/6/2022,163,79,,Vegetarianism,Judaism,Complex,3
Female,11/22/2023,128,152,,Veganism,Sikhism,Complex,4
Female,3/21/2022,187,149,,Pesetarianism,Sikhism,Balance,5
Male,9/2/2023,175,172,,Veganism,Christianity,Balance,2
Female,8/30/2023,101,49,,Veganism,Judaism,Minimal,5
Female,6/28/2023,188,188,,Omnivorousness,Shinto,Balance,5
Male,6/26/2023,101,97,,Vegetarianism,Buddism,Balance,2
Female,12/11/2022,148,50,,Vegetarianism,Sikhism,Minimal,3
Female,7/23/2022,155,185,Mustard,Pesetarianism,Judaism,Minimal,1
Female,5/14/2022,116,161,,Omnivorousness,Judaism,Balance,5
Male,2/28/2022,148,184,,Vegetarianism,Taoism,Balance,3
Male,3/7/2023,194,93,,Vegetarianism,Judaism,Luxury,2
Male,2/19/2023,164,147,,Veganism,Hinduism,Minimal,1
Male,5/26/2022,148,107,Milk,Pesetarianism,Shinto,Luxury,4
Male,11/20/2022,160,179,,Pesetarianism,Islam,Balance,1
Female,3/30/2023,186,71,,Veganism,Christianity,Minimal,4
Male,11/9/2023,200,116,Tree Nuts,Veganism,Buddism,Luxury,3
Male,9/17/2023,141,86,,Pesetarianism,Christianity,Luxury,2
Male,4/25/2023,107,97,,Pesetarianism,Sikhism,Luxury,2
Male,11/17/2022,114,174,,Omnivorousness,Buddism,Minimal,2
Male,2/5/2023,139,187,Mustard,Veganism,Christianity,Balance,3
Female,12/13/2023,132,150,,Veganism,Sikhism,Luxury,4
Female,2/8/2022,181,168,,Pesetarianism,Islam,Luxury,5
Female,4/18/2022,111,154,,Pesetarianism,Buddism,Luxury,2
Male,4/2/2022,169,76,,Omnivorousness,Judaism,Minimal,1
Male,7/20/2023,158,66,,Pesetarianism,Taoism,Balance,5
Female,3/10/2022,185,149,,Omnivorousness,Islam,Balance,1
Male,8/4/2023,158,164,Sesame,Veganism,Hinduism,Luxury,4
Female,6/9/2023,113,120,,Omnivorousness,Taoism,Balance,1
Male,1/6/2023,111,147,,Veganism,Islam,Complex,2
Female,11/18/2023,173,171,Gluten,Veganism,Islam,Complex,1
Male,11/4/2023,122,131,,Vegetarianism,Sikhism,Balance,4
Female,10/5/2023,133,85,,Vegetarianism,Sikhism,Balance,5
Female,9/25/2022,160,63,,Omnivorousness,Judaism,Minimal,3
Male,9/20/2023,110,130,,Pesetarianism,Sikhism,Complex,5
Male,12/4/2022,148,125,,Veganism,Hinduism,Complex,3
Female,9/11/2022,198,73,,Vegetarianism,Hinduism,Minimal,5
Female,8/17/2023,190,78,Eggs,Omnivorousness,Islam,Minimal,2
Female,11/13/2022,118,87,,Vegetarianism,Buddism,Balance,4
Female,6/2/2023,193,110,,Omnivorousness,Christianity,Balance,4
Male,4/19/2023,170,150,,Omnivorousness,Judaism,Minimal,2
Female,3/31/2023,200,126,,Pesetarianism,Judaism,Complex,5
Female,6/24/2022,166,163,,Veganism,Islam,Complex,4
Female,2/26/2022,151,37,Sesame,Veganism,Islam,Balance,1
Female,2/9/2022,129,170,Sulphur Dioxide Sulphites,Veganism,Buddism,Luxury,5
Female,3/31/2023,144,118,Lupin,Vegetarianism,Taoism,Balance,3
Female,2/1/2023,157,94,Fish,Vegetarianism,Islam,Complex,2
Female,7/21/2022,160,90,,Omnivorousness,Shinto,Luxury,3
Male,7/8/2023,127,101,Milk,Omnivorousness,Sikhism,Minimal,4
Male,11/17/2022,168,70,,Omnivorousness,Judaism,Luxury,4
Female,9/15/2023,150,123,,Vegetarianism,Buddism,Luxury,2
Female,10/30/2023,140,180,,Veganism,Taoism,Balance,1
Female,11/29/2023,200,95,,Vegetarianism,Hinduism,Luxury,3
Male,7/23/2023,122,85,,Veganism,Taoism,Minimal,3
Female,9/6/2022,199,137,Crustaceans,Pesetarianism,Christianity,Balance,5
Male,7/12/2022,147,49,,Omnivorousness,Hinduism,Luxury,2
Male,7/16/2022,173,87,,Veganism,Sikhism,Balance,2
Male,10/31/2022,124,53,,Veganism,Taoism,Minimal,3
Male,9/19/2022,186,36,,Vegetarianism,Shinto,Complex,5
Female,3/5/2022,106,80,,Pesetarianism,Islam,Minimal,3
Male,1/21/2023,124,44,,Pesetarianism,Judaism,Minimal,1
Female,5/27/2022,103,138,,Omnivorousness,Hinduism,Complex,3
Male,3/15/2022,179,37,,Omnivorousness,Judaism,Luxury,4
Female,7/25/2022,156,59,,Pesetarianism,Christianity,Minimal,3
Female,4/13/2023,105,88,,Pesetarianism,Christianity,Luxury,4
Male,3/7/2023,159,117,,Vegetarianism,Sikhism,Balance,4
Female,11/14/2022,160,188,,Omnivorousness,Islam,Balance,5
Male,2/11/2022,189,65,,Vegetarianism,Shinto,Minimal,1
Female,7/16/2023,143,99,,Pesetarianism,Islam,Complex,3
Male,7/12/2022,178,64,,Vegetarianism,Islam,Balance,2
Female,9/2/2023,103,165,,Omnivorousness,Taoism,Complex,2
Female,8/22/2022,173,127,,Pesetarianism,Sikhism,Luxury,1
Male,7/30/2022,102,160,,Pesetarianism,Christianity,Minimal,1
Male,10/18/2023,186,181,,Vegetarianism,Sikhism,Complex,3
Male,6/5/2022,148,73,Eggs,Omnivorousness,Shinto,Minimal,3
Female,4/8/2023,127,54,,Veganism,Islam,Minimal,2
Female,5/8/2022,115,127,Gluten,Vegetarianism,Sikhism,Balance,2
Male,3/8/2022,122,86,Gluten,Vegetarianism,Hinduism,Luxury,3
Female,10/15/2023,183,166,,Pesetarianism,Christianity,Balance,4
Male,4/12/2023,131,62,,Vegetarianism,Taoism,Luxury,1
Female,4/28/2023,163,109,Peanuts,Pesetarianism,Taoism,Luxury,4
Female,10/20/2022,167,124,,Omnivorousness,Judaism,Complex,4
Male,8/12/2022,135,131,Mustard,Pesetarianism,Christianity,Complex,5
Male,8/11/2023,125,142,Fish,Omnivorousness,Taoism,Minimal,3
Female,7/12/2023,181,133,,Omnivorousness,Islam,Complex,4
Female,2/25/2023,156,165,,Omnivorousness,Judaism,Complex,2
Male,12/10/2022,154,136,Molluscs,Omnivorousness,Hinduism,Complex,3
Male,6/2/2022,189,65,,Veganism,Buddism,Complex,1
Female,7/14/2023,104,128,,Veganism,Shinto,Luxury,2
Male,7/3/2022,114,58,,Vegetarianism,Judaism,Balance,3
Female,4/5/2022,146,91,Lupin,Pesetarianism,Taoism,Luxury,4
Male,6/18/2022,145,160,Crustaceans,Omnivorousness,Christianity,Complex,3
Male,10/18/2022,111,78,,Omnivorousness,Christianity,Minimal,2
Female,5/29/2022,106,44,Fish,Vegetarianism,Sikhism,Complex,2
Female,10/27/2023,169,164,Mustard,Omnivorousness,Taoism,Complex,4
Female,8/15/2023,152,58,,Omnivorousness,Christianity,Luxury,4
Male,6/23/2022,118,124,,Omnivorousness,Shinto,Balance,3
Male,5/23/2023,120,144,,Veganism,Christianity,Luxury,4
Female,12/1/2023,102,52,Molluscs,Pesetarianism,Judaism,Balance,3
Female,8/15/2023,162,50,Sulphur Dioxide Sulphites,Omnivorousness,Hinduism,Balance,5
Male,10/14/2022,131,121,Celery,Veganism,Buddism,Luxury,3
Male,4/6/2023,161,78,Soy,Omnivorousness,Shinto,Balance,2
Female,11/10/2022,160,137,,Pesetarianism,Judaism,Complex,5
Female,2/9/2022,144,38,,Pesetarianism,Islam,Balance,5
Female,7/1/2022,192,133,,Veganism,Islam,Complex,3
Male,10/24/2023,157,39,Sulphur Dioxide Sulphites,Vegetarianism,Judaism,Luxury,1
Female,9/19/2023,148,51,Peanuts,Veganism,Sikhism,Minimal,5
Female,2/20/2022,168,152,,Veganism,Buddism,Luxury,4
Female,11/18/2022,133,80,Fish,Veganism,Hinduism,Minimal,2
Male,11/19/2023,195,117,,Veganism,Buddism,Minimal,2
Female,1/22/2023,166,154,,Veganism,Buddism,Complex,1
Female,4/4/2022,140,48,,Omnivorousness,Shinto,Minimal,1
Male,2/15/2022,109,189,,Omnivorousness,Taoism,Complex,1
Male,11/28/2023,141,43,Tree Nuts,Vegetarianism,Sikhism,Balance,1
Male,4/10/2022,140,153,,Vegetarianism,Sikhism,Luxury,1
Male,7/25/2023,187,85,,Veganism,Buddism,Balance,5
Male,3/8/2022,155,44,,Pesetarianism,Christianity,Complex,2
Female,7/9/2022,171,87,,Omnivorousness,Hinduism,Complex,4
Female,10/23/2022,143,103,Celery,Pesetarianism,Sikhism,Complex,2
Male,3/3/2022,154,170,,Pesetarianism,Christianity,Complex,4
Female,12/2/2022,197,111,,Pesetarianism,Islam,Balance,1
Male,8/5/2023,188,91,,Vegetarianism,Hinduism,Minimal,4
Male,10/2/2022,142,69,,Vegetarianism,Buddism,Balance,2
Female,11/7/2023,181,80,,Omnivorousness,Hinduism,Minimal,5
Female,2/25/2023,155,104,Sulphur Dioxide Sulphites,Omnivorousness,Shinto,Complex,4
Male,7/12/2022,149,121,,Veganism,Sikhism,Balance,2
Male,5/9/2022,196,44,,Omnivorousness,Shinto,Complex,1
Female,7/18/2023,183,98,Peanuts,Omnivorousness,Hinduism,Luxury,2
Male,6/28/2023,152,181,Milk,Vegetarianism,Buddism,Luxury,2
Female,12/20/2022,167,157,Crustaceans,Veganism,Sikhism,Balance,3
Male,2/8/2023,138,160,Fish,Omnivorousness,Hinduism,Balance,4
Female,6/8/2022,134,175,,Vegetarianism,Christianity,Minimal,2
Male,11/2/2023,182,144,Soy,Veganism,Buddism,Complex,5
Female,1/9/2023,182,158,,Omnivorousness,Buddism,Minimal,5
Male,10/16/2023,156,83,Soy,Pesetarianism,Hinduism,Luxury,3
Female,2/5/2022,158,62,Crustaceans,Vegetarianism,Hinduism,Minimal,1
Female,3/8/2022,181,130,,Omnivorousness,Islam,Luxury,4
Male,5/5/2023,127,79,,Veganism,Shinto,Minimal,3
Male,7/2/2022,176,92,,Omnivorousness,Judaism,Balance,2
Male,2/13/2023,136,37,,Omnivorousness,Hinduism,Luxury,2
Male,2/24/2022,111,43,,Pesetarianism,Christianity,Luxury,4
Female,6/26/2022,167,50,,Vegetarianism,Islam,Balance,3
Male,12/13/2022,189,34,,Vegetarianism,Islam,Luxury,2
Male,9/24/2022,166,137,Sulphur Dioxide Sulphites,Pesetarianism,Sikhism,Complex,2
Female,6/1/2023,118,105,,Veganism,Christianity,Balance,2
Male,6/20/2022,130,136,,Vegetarianism,Islam,Complex,1
Female,7/23/2022,136,158,,Veganism,Buddism,Complex,5
Male,7/14/2023,118,109,,Omnivorousness,Taoism,Balance,1
Male,11/22/2023,182,59,Celery,Pesetarianism,Hinduism,Minimal,2
Male,11/5/2022,122,146,,Vegetarianism,Buddism,Balance,2
Female,11/1/2022,148,81,,Veganism,Hinduism,Balance,2
Male,12/27/2022,133,143,,Omnivorousness,Taoism,Complex,4
Female,2/13/2022,149,88,,Pesetarianism,Judaism,Minimal,4
Male,2/12/2022,120,99,,Veganism,Sikhism,Complex,3
Male,9/7/2023,156,81,,Omnivorousness,Buddism,Complex,5
Female,11/18/2022,151,173,,Omnivorousness,Hinduism,Balance,4
Female,12/6/2023,144,149,,Omnivorousness,Taoism,Luxury,2
Female,6/29/2022,168,149,,Vegetarianism,Islam,Complex,2
Female,7/24/2023,147,53,,Pesetarianism,Sikhism,Complex,3
Male,9/3/2022,100,58,,Pesetarianism,Shinto,Complex,2
Male,8/12/2022,166,177,,Pesetarianism,Islam,Complex,2
Male,1/21/2023,176,116,,Vegetarianism,Buddism,Minimal,1
Female,4/10/2023,150,89,Eggs,Vegetarianism,Islam,Minimal,2
Female,7/18/2023,183,182,,Vegetarianism,Sikhism,Complex,4
Female,7/10/2023,104,160,,Vegetarianism,Islam,Minimal,1
Male,8/3/2022,197,180,Molluscs,Veganism,Islam,Minimal,4
Male,10/19/2022,194,183,,Omnivorousness,Taoism,Complex,3
Male,5/24/2022,108,51,,Veganism,Judaism,Balance,5
Female,8/6/2023,151,118,,Veganism,Buddism,Minimal,3
Male,4/30/2022,133,188,,Veganism,Christianity,Complex,3
Male,12/2/2023,181,140,,Pesetarianism,Hinduism,Balance,5
Female,7/25/2022,148,114,,Veganism,Islam,Minimal,5
Female,4/1/2023,198,174,Molluscs,Vegetarianism,Hinduism,Balance,5
Female,3/19/2022,110,141,,Omnivorousness,Islam,Complex,3
Male,9/25/2022,180,71,,Omnivorousness,Hinduism,Complex,2
Female,10/3/2022,113,87,Gluten,Veganism,Christianity,Minimal,3
Female,4/20/2023,129,112,,Omnivorousness,Judaism,Luxury,1
Male,8/20/2022,114,160,,Pesetarianism,Sikhism,Complex,3
Female,3/26/2023,192,77,,Pesetarianism,Christianity,Complex,4
Female,7/18/2022,148,184,,Pesetarianism,Islam,Complex,5
Female,12/13/2023,120,78,Sesame,Vegetarianism,Taoism,Minimal,3
Male,11/18/2022,191,97,,Vegetarianism,Islam,Balance,3
Male,12/22/2022,123,51,,Veganism,Buddism,Minimal,5
Female,10/11/2022,165,96,,Omnivorousness,Hinduism,Balance,2
Male,7/1/2022,131,85,,Omnivorousness,Christianity,Balance,5
Male,6/19/2023,123,190,,Veganism,Hinduism,Luxury,3
Male,9/10/2022,179,53,,Omnivorousness,Islam,Minimal,5
Male,7/17/2023,191,159,,Pesetarianism,Christianity,Balance,3
Female,2/23/2023,125,54,Lupin,Veganism,Taoism,Balance,2
Male,8/21/2023,147,143,,Omnivorousness,Sikhism,Minimal,2
Male,8/8/2023,118,98,,Veganism,Shinto,Balance,3
Male,1/26/2023,107,36,,Pesetarianism,Shinto,Complex,4
Male,9/28/2023,104,158,,Omnivorousness,Hinduism,Balance,4
Female,1/7/2023,199,170,,Veganism,Buddism,Balance,2
Female,7/4/2023,150,151,Peanuts,Vegetarianism,Taoism,Luxury,2
Female,2/14/2023,129,115,,Omnivorousness,Shinto,Minimal,4
Female,8/14/2022,104,145,,Veganism,Judaism,Minimal,5
Female,6/3/2023,165,49,Peanuts,Omnivorousness,Taoism,Balance,2
Female,7/6/2022,157,181,,Omnivorousness,Christianity,Luxury,2
Female,11/30/2022,147,56,,Pesetarianism,Islam,Balance,5
Female,6/29/2023,114,182,,Veganism,Shinto,Minimal,2
Male,12/8/2023,159,68,Gluten,Veganism,Sikhism,Minimal,2
Female,4/18/2022,145,168,,Omnivorousness,Hinduism,Luxury,1
